{
  "version_a": {
    "p(95)": 55161.7637,
    "avg": 28435.38536170213,
    "min": 7294.52,
    "med": 26473.124,
    "max": 56143.617,
    "p(90)": 48386.9544
  },
  "version_b": {
    "p(95)": 60000.18415,
    "avg": 38179.305911764706,
    "min": 19957.685,
    "med": 30477.67,
    "max": 60000.386,
    "p(90)": 59999.905399999996
  },
  "version_async": {
    "p(90)": 60003.9956,
    "p(95)": 60004.02695,
    "avg": 60003.8034,
    "min": 60002.822,
    "med": 60003.875499999995,
    "max": 60004.178
  },
  "speedup_b": "0.74",
  "speedup_async": "0.47"
}